<?xml version="1.0" encoding="UTF-8"?>
<ti:module xmlns:ti="http://ti.appcelerator.org" xmlns:android="http://schemas.android.com/apk/res/android">
	<android xmlns:android="http://schemas.android.com/apk/res/android">
		<manifest package="ti.goosh" android:versionCode="1" android:versionName="1.0" android:installLocation="internalOnly">

			<!-- Permission to set badge -->
			<uses-permission android:name="com.sonyericsson.home.permission.BROADCAST_BADGE" />


			<!-- [START gcm_permission] -->
			<uses-permission android:name="com.google.android.c2dm.permission.RECEIVE" />
			<uses-permission android:name="android.permission.WAKE_LOCK" />
			<uses-permission android:name="android.permission.RECEIVE_BOOT_COMPLETED"/>
			<uses-permission android:name="android.permission.VIBRATE"/>
			<uses-permission android:name="android.permission.INTERNET"/>
			<uses-permission android:name="android.permission.ACCESS_NETWORK_STATE"/>
			<!-- [END gcm_permission] -->


			<permission android:name="${tiapp.properties['id']}.permission.C2D_MESSAGE" android:protectionLevel="signature" />
			<uses-permission android:name="${tiapp.properties['id']}.permission.C2D_MESSAGE" />

			<application>

				<meta-data android:name="com.google.android.gms.version" android:value="@integer/google_play_services_version" />

				<!-- [START gcm_receiver] -->
				<!-- android:name="com.google.android.gms.gcm.GcmReceiver" -->
				<receiver
					android:name="ti.goosh.BroadcastReceiver"
					android:exported="true"
					android:permission="com.google.android.c2dm.permission.SEND" >
					<intent-filter>
						<action android:name="com.google.android.c2dm.intent.RECEIVE" />
						<category android:name="${tiapp.properties['id']}" />
					</intent-filter>
				</receiver>
				<!-- [END gcm_receiver] -->

				<!-- [START gcm_listener] -->
				<service
					android:name="ti.goosh.IntentService"
					android:exported="false" >
					<intent-filter>
						<action android:name="com.google.android.c2dm.intent.RECEIVE" />
					</intent-filter>
				</service>
				<!-- [END gcm_listener] -->

				<!-- [START instanceId_listener] -->
		        <service
		            android:name="ti.goosh.InstanceIDListener"
		            android:exported="false">
		            <intent-filter>
		                <action android:name="com.google.android.gms.iid.InstanceID"/>
		            </intent-filter>
		        </service>
		        <!-- [END instanceId_listener] -->

				<service
					android:name="ti.goosh.RegistrationIntentService"
					android:exported="false">
				</service>
	
				<activity
					android:name="ti.goosh.PushHandlerActivity"
					android:exported="true">
				</activity>

			</application>

		</manifest>
	</android>
</ti:module>
